epochMs,vmRssKb,utimeTicks,stimeTicks,threads
1781144900395,565836,2042,34,66
1781144905578,573272,2935,49,67
1781144910746,598744,3682,66,68
1781144915921,601048,4190,83,68
1781144921076,614628,4558,99,68
1781144926244,619236,4896,112,68
1781144931407,623332,5280,124,68
1781144936586,619756,5575,135,68
1781144941767,622828,5781,145,68
1781144946915,624108,5979,157,68
1781144952086,626028,6198,169,69
1781144957269,626668,6372,180,69
1781144962436,627308,6522,191,69
1781144967597,631532,6687,200,69
1781144972756,624596,6793,210,69
1781144977911,624852,6909,220,69
1781144983087,625108,7022,232,69
1781144988232,625108,7121,244,69
1781144993401,625492,7213,256,69
1781144998563,625620,7299,266,69
1781145003748,625748,7388,278,69
1781145008922,625876,7476,290,69
1781145014097,626132,7575,300,69
1781145019278,626132,7670,311,69
1781145024429,626388,7767,323,69
1781145029588,626388,7857,334,69
1781145034747,626644,7939,346,69
1781145039918,626644,8041,357,69
1781145045074,626644,8131,368,69
1781145050249,626772,8238,379,69
1781145055395,629972,8357,390,69
1781145060561,630356,8460,401,69
1781145065707,630356,8544,413,69
1781145070870,630612,8687,422,69
1781145076033,633428,8770,436,69
1781145081179,633684,8853,447,69
1781145086350,639444,8966,457,69
1781145091525,639572,9048,469,69
1781145096680,639572,9129,479,69
1781145101847,639700,9210,490,69
1781145106999,639700,9293,502,69
1781145112166,639828,9379,513,69
1781145117337,639956,9458,524,69
1781145122492,639956,9541,536,69
1781145127690,639956,9621,548,69
1781145132859,640340,9707,559,69
1781145138022,640340,9802,570,69
1781145143194,640340,9887,582,69
1781145148357,640340,9972,591,69
1781145153524,640468,10053,602,69
1781145158686,640468,10141,612,69
1781145163842,640724,10229,622,69
1781145169008,640724,10311,633,69
1781145174152,642260,10530,643,69
1781145179325,642516,10664,653,69
1781145184488,642516,10766,662,69
1781145189647,642772,10895,672,69
1781145194810,642900,10963,683,69
1781145199981,642900,11012,692,69
1781145205139,643028,11065,703,69
1781145210302,643028,11111,711,69
1781145215465,643284,11158,721,69
1781145220617,643412,11236,731,69
1781145225777,643540,11292,740,69
1781145230948,643540,11351,750,69
1781145236104,644180,11448,761,69
1781145241263,644436,11544,771,69
1781145246424,644436,11601,781,68
1781145251586,644436,11648,789,68
1781145256754,644564,11723,798,68
1781145261914,644564,11779,807,68
1781145267083,644564,11834,815,68
1781145272238,644564,11884,826,68
1781145277409,644564,11934,835,68
1781145282565,644692,12001,847,68
1781145287725,644692,12048,856,68
1781145292884,644820,12137,864,68
1781145298054,644820,12190,873,68
1781145303205,644820,12232,885,68
1781145308360,644820,12279,894,68
1781145313532,644820,12325,905,68
1781145318698,644820,12370,915,68
